id,pair,timeframe,verdict,score,entry_price,entry_ts,tp_price,sl_price,pnl_pips,horizon_seconds,exit_price,resolved_at,outcome
1,SOLUSD,1m,SELL,16,76.362,2026-08-09 11:33:47.939092,76.3390821359304,76.3772785760464,-152.785760463985,,,2026-08-09 11:34:38.272716,up
2,UNIUSD,1m,SELL,15,3.9645,2026-08-09 11:39:45.877811,3.95956548029428,3.96778967980382,-32.8967980382,,,2026-08-09 11:44:38.360056,up
3,UNIUSD,1m,SELL,20,3.9805,2026-08-09 11:48:52.673356,3.97301604710143,3.98548930193238,-49.8930193237968,,,2026-08-09 11:49:38.231793,up
4,TAOUSD,1m,SELL,15,206.23,2026-08-09 11:51:43.891657,205.783229640719,206.527846906187,-2978.46906187004,,,2026-08-09 12:09:38.222406,up
5,LTCUSD,1m,SELL,19,45.67,2026-08-09 11:52:41.876967,45.6512597899817,45.6824934733455,-124.934733455007,,,2026-08-09 11:54:38.334040,up
6,BNBUSD,1m,SELL,17,602.72,2026-08-09 11:52:49.875461,602.561456832191,602.825695445206,-1056.95445205924,,,2026-08-09 11:54:38.388386,up
7,BCHUSD,1m,SELL,20,215.87,2026-08-09 12:30:41.875307,215.720806469363,215.969462353758,-994.623537579855,,,2026-08-09 12:34:38.349102,up
8,UNIUSD,1m,SELL,19,3.9775,2026-08-09 12:41:41.879431,3.97222617148625,3.98101588567583,-35.1588567583017,,,2026-08-09 12:49:38.235760,up
9,XMRUSD,1m,SELL,17,380.97,2026-08-09 12:56:47.886286,380.656803332033,381.178797778645,-2087.97778644964,,,2026-08-09 12:59:38.228371,up
10,XMRUSD,1m,SELL,20,380.81,2026-08-09 13:06:41.892733,380.489884056367,381.023410629089,-2134.10629089026,,,2026-08-09 13:14:38.268604,up
11,BTCUSD,1m,SELL,17,64969.66,2026-08-09 13:07:51.899893,64943.6932694006,64986.9711537329,-173111.53732895,,,2026-08-09 13:29:38.221164,up
12,BCHUSD,1m,SELL,18,216.45,2026-08-09 13:22:47.882683,216.276790035792,216.565473309472,-1154.73309472009,,,2026-08-09 13:24:38.545841,up
13,SOLUSD,1m,SELL,16,76.612,2026-08-09 13:22:51.873208,76.5504005300649,76.6530663132901,-410.663132901021,,,2026-08-09 13:24:38.602968,up
14,TAOUSD,1m,SELL,19,207.69,2026-08-09 13:26:43.901009,207.235654080077,207.992897279948,-3028.97279948013,,,2026-08-09 13:29:38.265996,up
15,BNBUSD,1m,SELL,14,605.25,2026-08-09 13:27:49.885142,604.720410143192,605.603059904538,-3530.59904537986,,,2026-08-09 13:29:38.309421,up
16,ETHUSD,1m,SELL,18,1921.37,2026-08-09 13:31:49.945083,1918.44447065502,1923.32035289666,-19503.5289666021,,,2026-08-09 14:34:38.268256,up
17,BTCUSD,1m,SELL,12,65058.88,2026-08-09 13:36:43.871995,65023.6339681549,65082.3773545634,-234973.545634057,,,2026-08-09 13:39:38.238254,up
18,LTCUSD,1m,SELL,22,45.7,2026-08-09 13:41:45.930104,45.6701210203164,45.7199193197891,-199.193197890963,,,2026-08-09 13:49:38.233538,up
19,AVAXUSD,1m,SELL,22,6.4515,2026-08-09 13:45:47.919107,6.44661979831475,6.45475346779017,-32.5346779017011,,,2026-08-09 13:49:38.280457,up
20,AAVEUSD,1m,SELL,19,91.22,2026-08-09 13:47:47.885571,91.1314404198794,91.2790397200804,-590.397200804063,,,2026-08-09 13:54:38.279478,up
21,XMRUSD,1m,SELL,14,384.06,2026-08-09 13:49:41.876654,383.305736749578,384.562842166948,-5028.42166947971,,,2026-08-09 13:54:38.332807,up
22,BTCUSD,1m,SELL,16,65143.85,2026-08-09 13:50:47.867726,65106.5466552271,65168.7188965152,-248688.965152032,,,2026-08-09 14:14:38.389501,up
23,LTCUSD,1m,SELL,21,45.74,2026-08-09 13:50:53.876158,45.7115499019563,45.7589667320292,-189.667320291989,,,2026-08-09 13:54:38.376257,up
24,BCHUSD,1m,SELL,22,216.54,2026-08-09 13:55:51.877463,216.35683286736,216.66211142176,-1221.11421759996,,,2026-08-09 14:04:38.405722,up
25,AAVEUSD,1m,SELL,16,91.26,2026-08-09 13:57:39.874601,91.1891518723853,91.3072320850764,-472.320850763879,,,2026-08-09 13:59:38.248516,up
26,LTCUSD,1m,SELL,17,45.77,2026-08-09 14:00:45.880064,45.7354450606639,45.7930366262241,-230.366262240977,,,2026-08-09 14:04:38.470143,up
27,AVAXUSD,1m,SELL,14,6.4625,2026-08-09 14:09:43.903952,6.45895489329196,6.46486340447203,-23.6340447202998,,,2026-08-09 14:14:38.457340,up
28,AAVEUSD,1m,SELL,17,91.43,2026-08-09 14:11:43.878874,91.3471751076516,91.4852165948989,-552.165948988943,,,2026-08-09 14:14:38.500426,up
29,LINKUSD,1m,SELL,17,8.284,2026-08-09 14:18:53.898845,8.27725563891161,8.2884962407256,-44.9624072559907,,,2026-08-09 14:24:38.483589,up
30,ETHUSD,1m,SELL,18,1921.57,2026-08-09 14:23:45.900894,1918.82171940461,1923.40218706359,-18321.8706359003,,,2026-08-09 14:34:38.319511,up
31,BTCUSD,1m,SELL,18,65161.93,2026-08-09 14:33:43.934278,65129.0929776682,65183.8213482212,328370.223317979,,,2026-08-09 14:44:38.267969,down
32,ETHUSD,1m,SELL,16,1921.08,2026-08-09 14:38:41.881158,1918.07362694301,1923.08424870466,-20042.4870466009,,,2026-08-09 14:59:38.230610,up
33,XMRUSD,1m,SELL,14,405.36,2026-08-09 14:41:41.926001,402.587403408824,407.208397727451,-18483.9772745096,,,2026-08-09 14:44:38.319938,up
34,AVAXUSD,1m,SELL,21,6.4595,2026-08-09 14:47:43.892288,6.45565322267993,6.46206451821338,-25.6451821337933,,,2026-08-09 14:49:38.228768,up
35,BCHUSD,1m,SELL,22,216.58,2026-08-09 14:48:39.910281,216.40042963536,216.699713576427,-1197.13576426989,,,2026-08-09 14:59:38.290418,up
36,BTCUSD,1m,SELL,16,65188.7,2026-08-09 15:01:51.887528,65150.2021033589,65214.3652644274,,,,,pending
37,XMRUSD,1m,SELL,13,412.35,2026-08-09 15:05:41.876604,410.032474430709,413.895017046194,23175.2556929104,,,2026-08-09 15:14:38.355679,down
38,AVAXUSD,1m,SELL,17,6.4875,2026-08-09 15:06:43.875226,6.48165032486226,6.49139978342516,-38.9978342515995,,,2026-08-09 15:14:38.425462,up
39,BCHUSD,1m,SELL,21,216.89,2026-08-09 15:07:39.919489,216.629914337106,217.06339044193,-1733.90441930025,,,2026-08-09 15:14:38.471061,up
40,XMRUSD,1m,SELL,19,406.9,2026-08-09 15:24:41.997445,404.532381890776,408.478412072816,23676.18109224,,,2026-08-09 15:44:38.350505,down
41,TAOUSD,1m,SELL,22,209.68,2026-08-09 15:25:39.882779,209.24782116579,209.968119222807,4321.78834210021,,,2026-08-09 15:39:38.233945,down
42,BTCUSD,1m,SELL,14,65171.99,2026-08-09 15:30:43.874266,65143.4781599068,65190.9978933954,,,,,pending
43,AVAXUSD,1m,SELL,21,6.4925,2026-08-09 15:34:51.884743,6.48822125175208,6.49535249883195,-28.5249883195071,,,2026-08-09 15:39:38.309984,up
44,LINKUSD,1m,SELL,18,8.28,2026-08-09 15:39:49.881146,8.2726830978177,8.2848779347882,-48.7793478820109,,,2026-08-09 15:44:38.416688,up
45,SOLUSD,1m,SELL,13,77.152,2026-08-09 15:45:43.881162,77.0757576380198,77.2028282413201,762.423619802064,,,2026-08-09 15:54:38.265060,down
46,AVAXUSD,1m,SELL,16,6.5055,2026-08-09 15:53:51.906099,6.49922426097562,6.50968382601625,-41.8382601625034,,,2026-08-09 15:54:38.315708,up
47,XMRUSD,1m,SELL,18,398.98,2026-08-09 16:59:38.485136,,,,300,398.77,2026-08-09 17:05:35.049518,down
48,SOLUSD,1m,SELL,18,77.182,2026-08-09 17:06:36.496693,,,,300,77.264,2026-08-09 17:12:35.054828,up
49,BNBUSD,1m,SELL,19,607.51,2026-08-09 17:20:42.473621,,,,300,609.62,2026-08-09 17:26:34.940330,up
50,UNIUSD,1m,SELL,18,4.0255,2026-08-09 18:04:38.494865,,,,300,4.0585,2026-08-09 18:10:02.945606,up
51,BNBUSD,1m,BUY,17,602.78,2026-08-10 07:40:29.000542,,,,300,604.215,2026-08-10 07:46:13.205235,up
52,ETCUSD,1m,BUY,18,6.505,2026-08-10 07:41:20.998069,,,,300,6.502,2026-08-10 07:47:13.162996,down
53,ZECUSD,1m,BUY,19,508.7,2026-08-10 07:43:19.047962,,,,300,508.45,2026-08-10 07:49:13.167705,down
54,INJUSD,1m,BUY,14,4.434,2026-08-10 07:43:26.989007,,,,300,4.449,2026-08-10 07:49:13.219821,up
55,SOLUSD,1m,BUY,19,76.922,2026-08-10 07:45:22.998628,,,,300,76.892,2026-08-10 07:50:55.426734,down
56,INJUSD,1m,BUY,17,4.437,2026-08-10 07:54:08.434091,,,,300,4.454,2026-08-10 07:59:55.086911,up
57,INJUSD,1m,BUY,19,4.434,2026-08-10 08:04:00.401378,,,,300,4.457,2026-08-10 08:09:55.101728,up
58,LINKUSD,1m,BUY,21,8.175,2026-08-10 08:04:58.407816,,,,300,8.2125,2026-08-10 08:10:55.096408,up
59,SOLUSD,1m,BUY,19,76.972,2026-08-10 08:05:56.439049,,,,300,76.974,2026-08-10 08:11:55.254073,flat
60,BNBUSD,1m,BUY,16,603.07,2026-08-10 08:05:58.408006,,,,300,602.97,2026-08-10 08:11:55.322535,flat
61,NEARUSD,1m,BUY,20,1.657,2026-08-10 08:07:10.429918,,,,300,1.6595,2026-08-10 08:12:55.093958,up
62,ZECUSD,1m,BUY,18,508.23,2026-08-10 08:12:56.430934,,,,300,511.34,2026-08-10 08:18:55.159815,up
63,BNBUSD,1m,BUY,16,602.91,2026-08-10 08:15:06.411182,,,,300,602.54,2026-08-10 08:20:55.095468,down
64,ETCUSD,1m,BUY,18,6.505,2026-08-10 08:20:10.409851,,,,300,6.504,2026-08-10 08:25:55.104905,flat
65,ZECUSD,1m,BUY,18,509.89,2026-08-10 08:22:02.407152,,,,300,511.66,2026-08-10 08:27:55.122368,up
66,BNBUSD,1m,BUY,19,603.01,2026-08-10 08:24:58.424602,,,,300,604.245,2026-08-10 08:30:55.096680,up
67,UNIUSD,1m,BUY,17,4.0375,2026-08-10 08:25:58.407044,,,,300,4.0245,2026-08-10 08:31:55.098342,down
68,INJUSD,1m,BUY,15,4.438,2026-08-10 08:27:56.412983,,,,300,4.436,2026-08-10 08:33:55.137237,down
69,BNBUSD,1m,BUY,19,603.33,2026-08-10 08:34:06.417042,,,,300,604.24,2026-08-10 08:39:55.099385,up
70,ETHUSD,1m,BUY,21,1924.37,2026-08-10 08:38:06.404641,,,,300,1923.5,2026-08-10 08:43:55.119993,down
71,XMRUSD,1m,BUY,17,394.71,2026-08-10 09:05:00.421223,,,,300,394.0,2026-08-10 09:10:55.103416,down
72,ZECUSD,1m,BUY,19,509.4,2026-08-10 09:09:56.419757,,,,300,509.955,2026-08-10 09:15:55.129123,up
73,BNBUSD,1m,BUY,20,602.65,2026-08-10 09:17:02.410531,,,,300,604.74,2026-08-10 09:24:13.126627,up
74,TAOUSD,1m,BUY,22,202.91,2026-08-10 09:28:18.364509,,,,300,202.57,2026-08-10 09:34:12.988617,down
75,BNBUSD,1m,BUY,19,602.72,2026-08-10 09:43:28.371761,,,,300,604.54,2026-08-10 09:49:12.988305,up
76,INJUSD,1m,BUY,16,4.449,2026-08-10 09:51:22.387844,,,,300,4.445,2026-08-10 09:57:12.989863,down
77,LINKUSD,1m,BUY,18,8.176,2026-08-10 09:52:20.366848,,,,300,8.2375,2026-08-10 09:58:12.989265,up
78,XMRUSD,1m,BUY,17,396.71,2026-08-10 10:10:16.371117,,,,300,397.08,2026-08-10 10:16:12.991987,up
79,INJUSD,1m,BUY,17,4.447,2026-08-10 10:24:22.350407,,,,300,4.463,2026-08-10 10:30:12.991020,up
80,LINKUSD,1m,BUY,16,8.222,2026-08-10 10:25:24.375226,,,,300,8.319,2026-08-10 10:31:13.025332,up
81,LTCUSD,1m,BUY,19,44.96,2026-08-10 10:26:16.358874,,,,300,44.94,2026-08-10 10:32:12.987794,down
82,AVAXUSD,1m,BUY,20,6.4875,2026-08-10 10:30:18.369487,,,,300,6.5095,2026-08-10 10:36:12.986884,up
83,BNBUSD,1m,BUY,19,603.49,2026-08-10 10:31:20.355915,,,,300,605.71,2026-08-10 10:37:13.028802,up
84,INJUSD,1m,BUY,16,4.446,2026-08-10 10:34:18.361106,,,,300,4.47,2026-08-10 10:40:12.987995,up
85,LINKUSD,1m,BUY,16,8.231,2026-08-10 10:35:16.355391,,,,300,8.2575,2026-08-10 10:41:13.018167,up
86,AVAXUSD,1m,BUY,16,6.4905,2026-08-10 10:44:20.357709,,,,300,6.4995,2026-08-10 10:50:12.989689,up
87,LINKUSD,1m,BUY,16,8.211,2026-08-10 10:44:22.350679,,,,300,8.226,2026-08-10 10:50:13.039542,up
88,ETCUSD,1m,BUY,16,6.481,2026-08-10 10:46:16.352200,,,,300,6.4975,2026-08-10 10:52:12.988843,up
89,INJUSD,1m,BUY,18,4.451,2026-08-10 10:48:22.351868,,,,300,4.45,2026-08-10 10:54:13.166828,down
90,BCHUSD,1m,BUY,22,215.19,2026-08-10 10:50:14.383873,,,,300,215.07,2026-08-10 10:56:12.990586,down
91,BNBUSD,1m,BUY,19,604.31,2026-08-10 10:50:20.367024,,,,300,607.14,2026-08-10 10:56:13.041005,up
92,AVAXUSD,1m,BUY,17,6.5045,2026-08-10 10:54:14.373105,,,,300,6.5225,2026-08-10 11:00:12.990347,up
93,INJUSD,1m,BUY,20,4.446,2026-08-10 11:02:22.387267,,,,300,4.469,2026-08-10 11:08:12.988166,up
94,LINKUSD,1m,BUY,15,8.212,2026-08-10 11:03:24.357192,,,,300,8.205,2026-08-10 11:09:13.022905,down
95,ETCUSD,1m,BUY,22,6.478,2026-08-10 11:14:24.358070,,,,300,6.482,2026-08-10 11:20:12.988616,up
96,AVAXUSD,1m,BUY,14,6.5065,2026-08-10 11:17:26.358417,,,,300,6.5555,2026-08-10 11:23:13.253840,up
97,TAOUSD,1m,BUY,19,203.59,2026-08-10 11:22:18.356582,,,,300,203.98,2026-08-10 11:28:12.981603,up
98,BTCUSD,1m,BUY,17,65022.54,2026-08-10 11:22:26.382884,,,,300,65031.41,2026-08-10 11:28:13.029747,flat
99,ETCUSD,1m,BUY,17,6.485,2026-08-10 11:24:16.359218,,,,300,6.5065,2026-08-10 11:30:12.988613,up
100,AVAXUSD,1m,BUY,19,6.5065,2026-08-10 11:27:18.360146,,,,300,6.5615,2026-08-10 11:33:13.123185,up
101,LINKUSD,1m,BUY,18,8.244,2026-08-10 11:27:20.352781,,,,300,8.311,2026-08-10 11:33:13.182966,up
102,INJUSD,1m,BUY,19,4.454,2026-08-10 11:31:18.369581,,,,300,4.465,2026-08-10 11:37:13.060535,up
103,TAOUSD,1m,BUY,16,204.32,2026-08-10 11:31:26.353311,,,,300,205.51,2026-08-10 11:37:13.112159,up
104,BTCUSD,1m,BUY,18,65019.65,2026-08-10 11:32:18.354357,,,,300,65023.94,2026-08-10 11:38:13.039294,flat
105,ETCUSD,1m,BUY,15,6.491,2026-08-10 11:33:24.366582,,,,300,6.5045,2026-08-10 11:39:13.023941,up
106,AVAXUSD,1m,BUY,22,6.5115,2026-08-10 11:36:24.369194,,,,300,6.5035,2026-08-10 11:42:12.982921,down
107,TAOUSD,1m,BUY,19,204.66,2026-08-10 11:41:16.349891,,,,300,204.95,2026-08-10 11:47:13.017946,up
108,LINKUSD,1m,BUY,18,8.25,2026-08-10 11:41:22.366544,,,,300,8.35,2026-08-10 11:47:13.076625,up
109,XMRUSD,1m,BUY,19,395.54,2026-08-10 11:49:22.367643,,,,300,,,pending
110,AVAXUSD,1m,BUY,18,6.5085,2026-08-10 11:51:14.368943,,,,300,,,pending
111,BTCUSD,1m,BUY,18,65014.01,2026-08-10 11:51:18.351790,,,,300,,,pending
112,SOLUSD,1m,BUY,21,76.782,2026-08-10 11:52:14.366457,,,,300,,,pending
